{"cameraMode":{"drawMode":0,"name":"Shaded","section":"Shading Mode"},"sceneLighting":false,"audioPlay":false,"sceneViewState":{"m_AlwaysRefresh":false,"showFog":true,"showSkybox":true,"showFlares":true,"showImageEffects":true,"showParticleSystems":true,"showVisualEffectGraphs":true,"m_FxEnabled":true},"in2DMode":false,"pivot":{"x":0.17450080811977387,"y":8.022331237792969,"z":-5.192501544952393},"rotation":{"x":0.5348339080810547,"y":0.001999614993110299,"z":-0.0012657070765271783,"w":0.8449590802192688},"size":55.9514045715332,"orthographic":false}