{"cameraMode":{"drawMode":0,"name":"Shaded","section":"Shading Mode"},"sceneLighting":false,"audioPlay":false,"sceneViewState":{"m_AlwaysRefresh":false,"showFog":true,"showSkybox":false,"showFlares":true,"showImageEffects":true,"showParticleSystems":true,"showVisualEffectGraphs":true,"m_FxEnabled":true},"in2DMode":false,"pivot":{"x":4.0180888175964359,"y":0.8102157115936279,"z":1.1390466690063477},"rotation":{"x":0.23688316345214845,"y":-0.6949548125267029,"z":0.26302140951156618,"w":0.6258979439735413},"size":1.6343207359313965,"orthographic":false}