{"cameraMode":{"drawMode":0,"name":"Shaded","section":"Shading Mode"},"sceneLighting":false,"audioPlay":false,"sceneViewState":{"m_AlwaysRefresh":false,"showFog":true,"showSkybox":false,"showFlares":true,"showImageEffects":true,"showParticleSystems":true,"showVisualEffectGraphs":true,"m_FxEnabled":true},"in2DMode":false,"pivot":{"x":1.2048372030258179,"y":1.3249144554138184,"z":0.5779473781585693},"rotation":{"x":0.028179215267300607,"y":0.956569492816925,"z":-0.27279964089393618,"w":0.09880845248699188},"size":1.5461100339889527,"orthographic":false}