{"cameraMode":{"drawMode":0,"name":"Shaded","section":"Shading Mode"},"sceneLighting":false,"audioPlay":false,"sceneViewState":{"m_AlwaysRefresh":false,"showFog":true,"showSkybox":false,"showFlares":true,"showImageEffects":true,"showParticleSystems":true,"showVisualEffectGraphs":true,"m_FxEnabled":true},"in2DMode":false,"pivot":{"x":-1.8588533401489258,"y":-0.9411017894744873,"z":-2.1994106769561769},"rotation":{"x":-0.05306273326277733,"y":0.9402169585227966,"z":-0.17285269498825074,"w":-0.2886669933795929},"size":3.5484349727630617,"orthographic":false}