{"cameraMode":{"drawMode":0,"name":"Shaded","section":"Shading Mode"},"sceneLighting":false,"audioPlay":false,"sceneViewState":{"m_AlwaysRefresh":false,"showFog":true,"showSkybox":false,"showFlares":true,"showImageEffects":true,"showParticleSystems":true,"showVisualEffectGraphs":true,"m_FxEnabled":true},"in2DMode":false,"pivot":{"x":-1.3667064905166627,"y":-0.4717947244644165,"z":-1.6503899097442628},"rotation":{"x":-0.017271537333726884,"y":0.9827246069908142,"z":-0.12779118120670319,"w":-0.13286510109901429},"size":2.348435163497925,"orthographic":false}